{
  "version": 1,
  "generation": 1,
  "fitness": 5.43245930905418,
  "w1": [
    -0.23649244010448456,
    0.04561038315296173,
    0.33629271388053894,
    0.25102439522743225,
    -0.104871466755867,
    0.32844609022140503,
    0.12315332144498825,
    -0.10035495460033417,
    -0.41946884989738464,
    0.22872872650623322,
    -0.3078877925872803,
    0.2628018856048584,
    0.03997140750288963,
    0.21651200950145721,
    0.17255635559558868,
    0.37173277139663696,
    -0.2995240390300751,
    -0.12845148146152496,
    -0.19820596277713776,
    -0.17548148334026337,
    0.08830437809228897,
    -0.24282728135585785,
    -0.08009056746959686,
    -0.033930420875549316,
    -0.12185051292181015,
    0.08178173750638962,
    0.2533869743347168,
    0.3721165060997009,
    0.3443886637687683,
    0.43697622418403625,
    -0.35468241572380066,
    -0.011233191005885601,
    -0.21530170738697052,
    -0.27357617020606995,
    -0.28500041365623474,
    -0.09580925852060318,
    -0.2886559069156647,
    0.12450791895389557,
    0.15474645793437958,
    -0.44600147008895874,
    -0.0695403665304184,
    0.2288239449262619,
    -0.20328569412231445,
    -0.013128524646162987,
    0.35462573170661926,
    -0.30441412329673767,
    -0.19243872165679932,
    0.1420094072818756,
    -0.28093698620796204,
    0.07200539857149124,
    0.1937514990568161,
    0.21495717763900757,
    -0.403249591588974,
    0.26470616459846497,
    -0.07468394935131073,
    0.313372403383255,
    -0.16721828281879425,
    -0.29176419973373413,
    0.4108835458755493,
    -0.07070267200469971,
    -0.356726735830307,
    0.022738059982657433,
    -0.31820744276046753,
    0.3794967532157898,
    -0.05086558312177658,
    -0.22515249252319336,
    -0.031901124864816666,
    -0.009574727155268192,
    0.04001433774828911,
    -0.31913048028945923,
    0.27428942918777466,
    -0.07061439007520676,
    -0.11126332730054855,
    -0.1836921125650406,
    -0.21248392760753632,
    0.10844099521636963,
    -0.13846483826637268,
    0.3208024203777313,
    0.3761611878871918,
    -0.08735604584217072,
    -0.3055974543094635,
    0.21253958344459534,
    0.26154789328575134,
    -0.1708560585975647,
    -0.2691347897052765,
    -0.048802174627780914,
    -0.0293926689773798,
    0.278736412525177,
    0.4414961636066437,
    0.11349093168973923,
    -0.39768463373184204,
    -0.4235841631889343,
    0.0704786404967308,
    -0.4296286702156067,
    -0.03428860381245613,
    0.37249502539634705,
    0.37953323125839233,
    0.3799561858177185,
    -0.3276882469654083,
    -0.04914652928709984,
    0.08452064543962479,
    -0.16476155817508698,
    0.29072999954223633,
    0.2858770489692688,
    -0.094967320561409,
    -0.1693541556596756,
    0.3963168263435364,
    0.18465156853199005,
    0.17228418588638306,
    0.03650979325175285,
    0.07363197207450867,
    -0.43402716517448425,
    0.0656181126832962,
    0.09550703316926956,
    -0.14543931186199188,
    0.25273555517196655,
    -0.32706353068351746,
    0.28013649582862854,
    -0.10011272132396698,
    -0.4207363724708557,
    -0.004630532581359148,
    0.1752936989068985,
    0.057137999683618546,
    0.34014439582824707,
    -0.158504456281662,
    -0.3249945640563965,
    -0.14749377965927124,
    -0.3678707182407379,
    -0.4185754656791687,
    -0.3926129639148712,
    0.3996719419956207,
    0.3656633198261261,
    0.3560568392276764,
    0.4268846809864044,
    -0.3666715621948242,
    0.3476061522960663,
    0.1618305742740631,
    0.3378656804561615,
    0.4002283811569214,
    -0.4382931888103485,
    0.15626975893974304,
    -0.16138137876987457,
    -0.13443800806999207,
    -0.10160499811172485,
    -0.34535425901412964,
    0.09982620179653168,
    0.017479820176959038,
    -0.28954872488975525,
    -0.08693578839302063,
    -0.0834265872836113,
    0.07757239043712616,
    0.19611859321594238,
    0.11829079687595367,
    -0.20204681158065796,
    0.25011953711509705,
    0.33621785044670105,
    -0.1703728288412094,
    0.3833322823047638,
    -0.33207833766937256,
    -0.363170325756073,
    -0.15684938430786133,
    -0.30066025257110596,
    0.41752561926841736,
    0.2541053295135498,
    -0.026370715349912643,
    0.2966407537460327,
    0.05165749415755272,
    0.3027687668800354,
    -0.32557424902915955,
    -0.26944226026535034,
    0.2216750532388687,
    0.07487285137176514,
    0.44070136547088623,
    0.17460204660892487,
    -0.11214784532785416,
    -0.07962814718484879,
    0.16623395681381226,
    0.2809780538082123,
    0.2903077304363251,
    0.2660728096961975,
    0.4491610527038574,
    0.12712237238883972,
    -0.4116083085536957,
    0.07452838122844696,
    0.366961807012558,
    -0.08765900880098343,
    0.3013405501842499,
    0.16943359375,
    -0.03401073440909386,
    0.2936062216758728,
    -0.1919851154088974,
    0.07908894121646881,
    0.03586624562740326,
    -0.12542341649532318,
    0.0885314792394638,
    -0.22550754249095917,
    0.26405683159828186,
    -0.013098329305648804,
    0.21560239791870117,
    -0.09637687355279922,
    -0.10907386988401413,
    0.12787480652332306,
    0.12839365005493164,
    -0.2515217363834381,
    -0.18939900398254395,
    0.04349573329091072,
    0.3467158079147339,
    -0.4435727000236511,
    -0.1120561957359314,
    0.3710060119628906,
    -0.39164066314697266,
    -0.27755558490753174,
    -0.11304788291454315,
    0.27995964884757996,
    -0.16261334717273712,
    0.3237825334072113,
    0.030896659940481186,
    -0.22410881519317627,
    0.17619405686855316,
    0.23365147411823273,
    0.13951003551483154,
    0.15564417839050293,
    -0.16084453463554382,
    -0.2345377802848816,
    0.1135387048125267,
    -0.07157780230045319,
    0.07066070288419724,
    0.22420020401477814,
    0.26197078824043274,
    -0.058375030755996704,
    0.21536092460155487,
    0.26649007201194763,
    0.19225212931632996,
    0.1755322515964508,
    0.23343348503112793,
    -0.004085792228579521,
    -0.29119691252708435,
    -0.30410218238830566,
    -0.28132113814353943,
    -0.35485216975212097,
    -0.009851179085671902,
    -0.22148391604423523,
    -0.09773790836334229,
    -0.2785272002220154,
    -0.06002503260970116,
    -0.35517603158950806,
    0.04991129785776138,
    -0.1827668994665146,
    -0.06757798045873642,
    -0.32739967107772827,
    -0.31461432576179504,
    -0.18820613622665405,
    0.19693021476268768,
    0.1708255410194397,
    0.29802557826042175,
    0.21656718850135803,
    0.2129477858543396,
    0.23276382684707642,
    0.41719698905944824,
    0.4396665692329407,
    0.30981504917144775,
    -0.39366933703422546,
    -0.2385566681623459,
    0.27175289392471313,
    -0.30786335468292236,
    0.44580790400505066,
    -0.40484359860420227,
    0.2196342647075653,
    -0.2640453577041626,
    -0.26603105664253235,
    0.15057967603206635,
    0.13918229937553406,
    0.026035040616989136,
    0.2886767089366913,
    -0.2020440548658371,
    0.34412726759910583,
    0.02957971766591072,
    0.09301666170358658,
    -0.028367863968014717,
    -0.3077053725719452,
    -0.2733229696750641,
    0.013027544133365154,
    0.2849334478378296,
    -0.22415438294410706,
    -0.05719698965549469,
    -0.00790779385715723,
    -0.008380196057260036,
    0.2670840322971344,
    -0.24631421267986298,
    -0.06394883245229721,
    -0.3232634663581848,
    0.39639201760292053,
    0.257845938205719,
    0.12810127437114716,
    -0.01532764546573162,
    0.1638573855161667,
    -0.0628749206662178,
    -0.16245794296264648,
    -0.18276330828666687,
    -0.38884544372558594,
    0.35051512718200684,
    0.21143223345279694,
    0.25956910848617554,
    0.10524217039346695,
    -0.2683990001678467,
    -0.23678117990493774,
    0.016693349927663803,
    0.1104394793510437,
    -0.015071035362780094,
    -0.20259854197502136,
    -0.13147184252738953,
    -0.2495558261871338,
    -0.2983866035938263,
    0.43429437279701233,
